"Date","Price","Open","High","Low","Vol.","Change %"
"03/16/2025","86,048.0","84,536.0","87,621.0","81,366.0","3.43K","1.79%"
"03/09/2025","84,536.0","86,494.0","86,823.0","77,041.0","8.85K","-2.26%"
"03/02/2025","86,493.0","86,397.0","95,283.0","81,740.0","10.20K","0.13%"
"02/23/2025","86,382.0","96,721.0","96,767.0","78,651.0","18.69K","-10.69%"
"02/16/2025","96,721.0","97,574.0","99,572.0","93,633.0","4.94K","-0.87%"
"02/09/2025","97,574.0","96,582.0","98,817.0","94,398.0","6.08K","1.03%"
"02/02/2025","96,582.0","100,700.0","102,390.0","91,672.0","9.66K","-4.09%"
"01/26/2025","100,700.0","104,700.0","106,520.0","97,823.0","3.44K","-3.82%"
"01/19/2025","104,700.0","104,490.0","109,410.0","99,634.0","8.31K","0.20%"
"01/12/2025","104,490.0","94,716.0","105,800.0","89,939.0","6.39K","10.32%"
"01/05/2025","94,716.0","98,310.0","102,760.0","91,431.0","5.86K","-3.66%"
"12/29/2024","98,319.0","95,533.0","99,020.0","91,696.0","5.58K","2.92%"
"12/22/2024","95,533.0","97,289.0","99,900.0","92,666.0","5.49K","-1.80%"
"12/15/2024","97,289.0","101,320.0","108,080.0","92,454.0","14.10K","-3.98%"
"12/08/2024","101,320.0","99,936.0","102,470.0","94,255.0","5.86K","1.38%"
"12/01/2024","99,936.0","96,506.0","103,990.0","91,398.0","12.14K","3.55%"
"11/24/2024","96,506.0","97,538.0","98,690.0","90,911.0","6.11K","-1.06%"
"11/17/2024","97,538.0","90,538.0","99,327.0","88,758.0","13.79K","7.73%"
"11/10/2024","90,538.0","76,703.0","93,286.0","76,531.0","17.30K","18.04%"
"11/03/2024","76,703.0","69,292.0","77,049.0","66,881.0","10.33K","10.70%"
"10/27/2024","69,292.0","67,081.0","73,525.0","66,926.0","6.26K","3.30%"
"10/20/2024","67,081.0","68,360.0","69,554.0","65,265.0","3.23K","-1.87%"
"10/13/2024","68,360.0","63,335.0","68,886.0","62,204.0","6.10K","7.93%"
"10/06/2024","63,335.0","62,138.0","64,514.0","58,944.0","3.21K","1.93%"
"09/29/2024","62,138.0","66,015.0","66,193.0","60,009.0","3.98K","-5.87%"
"09/22/2024","66,015.0","63,416.0","66,548.0","62,485.0","4.47K","4.10%"
"09/15/2024","63,416.0","60,139.0","64,200.0","57,653.0","5.35K","5.45%"
"09/08/2024","60,139.0","54,309.0","60,730.0","53,764.0","7.59K","10.73%"
"09/01/2024","54,309.0","59,155.0","59,976.0","52,756.0","12.09K","-8.19%"
"08/25/2024","59,155.0","64,230.0","65,092.0","58,000.0","7.40K","-7.90%"
"08/18/2024","64,230.0","59,589.0","64,953.0","57,955.0","4.73K","7.79%"
"08/11/2024","59,589.0","61,018.0","61,824.0","56,231.0","4.46K","-2.34%"
"08/04/2024","61,018.0","60,825.0","62,752.0","49,538.0","12.17K","0.32%"
"07/28/2024","60,825.0","68,019.0","70,162.0","60,000.0","6.44K","-10.58%"
"07/21/2024","68,019.0","67,239.0","69,529.0","63,560.0","5.30K","1.16%"
"07/14/2024","67,239.0","59,382.0","67,673.0","59,382.0","6.38K","13.23%"
"07/07/2024","59,382.0","58,326.0","60,020.0","54,500.0","8.36K","1.81%"
"06/30/2024","58,326.0","61,087.0","63,911.0","53,727.0","11.31K","-4.52%"
"06/23/2024","61,087.0","64,370.0","64,617.0","58,595.0","9.05K","-5.10%"
"06/16/2024","64,370.0","66,229.0","67,301.0","63,505.0","6.72K","-2.81%"
"06/09/2024","66,229.0","69,338.0","70,150.0","65,088.0","5.61K","-4.48%"
"06/02/2024","69,338.0","67,759.0","71,912.0","67,349.0","7.12K","2.33%"
"05/26/2024","67,759.0","69,334.0","70,678.0","66,700.0","5.40K","-2.27%"
"05/19/2024","69,334.0","66,995.0","71,921.0","65,989.0","7.20K","3.49%"
"05/12/2024","66,995.0","60,929.0","67,540.0","60,723.0","6.34K","9.96%"
"05/05/2024","60,929.0","63,983.0","65,625.0","60,300.0","7.30K","-4.77%"
"04/28/2024","63,983.0","63,574.0","64,800.0","56,756.0","15.14K","0.64%"
"04/21/2024","63,574.0","65,045.0","67,282.0","62,498.0","5.59K","-2.26%"
"04/14/2024","65,045.0","64,039.0","66,888.0","59,698.0","15.11K","1.57%"
"04/07/2024","64,039.0","68,880.0","72,761.0","61,604.0","15.96K","-7.03%"
"03/31/2024","68,880.0","69,683.0","71,444.0","64,603.0","14.22K","-1.15%"
"03/24/2024","69,683.0","64,034.0","71,610.0","63,827.0","17.25K","8.76%"
"03/17/2024","64,069.0","65,304.0","68,940.0","60,900.0","27.28K","-1.89%"
"03/10/2024","65,304.0","68,205.0","73,666.0","65,000.0","33.59K","-4.25%"
"03/03/2024","68,205.0","61,962.0","69,838.0","59,858.0","32.52K","10.08%"
"02/25/2024","61,962.0","51,630.0","63,780.0","50,903.0","25.94K","20.01%"
"02/18/2024","51,630.0","51,631.0","52,872.0","50,527.0","10.90K","0.00%"
"02/11/2024","51,631.0","47,800.0","52,700.0","47,613.0","16.18K","8.01%"
"02/04/2024","47,800.0","43,004.0","48,185.0","42,247.0","11.39K","11.15%"
"01/28/2024","43,004.0","42,125.0","43,840.0","41,637.0","6.98K","2.09%"
"01/21/2024","42,125.0","41,778.0","42,204.0","38,572.0","16.72K","0.83%"
"01/14/2024","41,778.0","42,847.0","43,588.0","40,364.0","8.16K","-2.49%"
"01/07/2024","42,847.0","44,005.0","48,750.0","41,574.0","26.05K","-2.63%"
"12/31/2023","44,005.0","42,199.0","45,892.0","40,499.0","14.14K","4.28%"
"12/24/2023","42,199.0","43,801.0","43,975.0","41,433.0","8.76K","-3.66%"
"12/17/2023","43,801.0","42,328.0","44,444.0","40,556.0","8.81K","3.48%"
"12/10/2023","42,328.0","43,749.0","44,065.0","40,286.0","10.09K","-3.25%"
"12/03/2023","43,749.0","39,438.0","44,699.0","39,253.0","21.58K","10.93%"
"11/26/2023","39,438.0","37,782.0","39,678.0","36,735.0","12.58K","4.38%"
"11/19/2023","37,782.0","36,581.0","38,410.0","35,663.0","15.49K","3.28%"
"11/12/2023","36,581.0","37,141.0","37,949.0","34,860.0","8.42K","-1.51%"
"11/05/2023","37,141.0","35,100.0","37,973.0","34,532.0","8.91K","5.81%"
"10/29/2023","35,100.0","34,104.0","35,953.0","33,969.0","11.44K","2.92%"
"10/22/2023","34,104.0","29,922.0","35,175.0","29,704.0","18.05K","13.98%"
"10/15/2023","29,922.0","26,871.0","30,343.0","26,832.0","14.53K","11.35%"
"10/08/2023","26,871.0","27,967.0","28,093.0","26,562.0","9.71K","-3.92%"
"10/01/2023","27,967.0","26,980.0","28,566.0","26,973.0","10.21K","3.66%"
"09/24/2023","26,980.0","26,609.0","27,300.0","26,045.0","8.98K","1.39%"
"09/17/2023","26,609.0","26,576.0","27,506.0","26,416.0","11.61K","0.12%"
"09/10/2023","26,576.0","25,910.0","26,862.0","24,927.0","9.35K","2.57%"
"09/03/2023","25,910.0","25,870.0","26,444.0","25,453.0","6.19K","0.15%"
"08/27/2023","25,870.0","26,045.0","28,097.0","25,354.0","12.48K","-0.67%"
"08/20/2023","26,045.0","26,115.0","26,834.0","25,490.0","7.12K","-0.27%"
"08/13/2023","26,115.0","29,445.0","29,689.0","24,863.0","11.57K","-11.31%"
"08/06/2023","29,445.0","29,075.0","30,235.0","28,722.0","7.64K","1.27%"
"07/30/2023","29,075.0","29,402.0","30,056.0","28,663.0","5.57K","-1.11%"
"07/23/2023","29,402.0","29,811.0","30,370.0","28,931.0","4.48K","-1.37%"
"07/16/2023","29,811.0","30,310.0","30,469.0","29,618.0","7.12K","-1.65%"
"07/09/2023","30,310.0","30,318.0","31,814.0","29,969.0","11.59K","-0.03%"
"07/02/2023","30,318.0","30,607.0","31,530.0","29,779.0","9.58K","-0.94%"
"06/25/2023","30,607.0","30,556.0","31,299.0","29,617.0","11.44K","0.17%"
"06/18/2023","30,556.0","26,535.0","31,415.0","26,293.0","13.09K","15.15%"
"06/11/2023","26,535.0","25,870.0","26,789.0","24,853.0","6.12K","2.57%"
"06/04/2023","25,870.0","27,077.0","27,446.0","25,392.0","8.59K","-4.46%"
"05/28/2023","27,077.0","26,885.0","28,463.0","26,523.0","6.62K","0.71%"
"05/21/2023","26,885.0","27,126.0","27,481.0","25,889.0","5.19K","-0.89%"
"05/14/2023","27,126.0","26,790.0","27,671.0","26,443.0","6.26K","1.25%"
"05/07/2023","26,790.0","28,909.0","29,175.0","25,884.0","10.14K","-7.33%"
"04/30/2023","28,909.0","29,253.0","29,962.0","27,700.0","9.00K","-1.18%"
"04/23/2023","29,253.0","27,826.0","30,028.0","26,998.0","11.16K","5.13%"
"04/16/2023","27,826.0","30,280.0","30,559.0","27,163.0","13.88K","-8.10%"
"04/09/2023","30,280.0","27,901.0","30,968.0","27,780.0","13.39K","8.53%"
"04/02/2023","27,901.0","28,443.0","28,750.0","27,231.0","7.78K","-1.91%"
"03/26/2023","28,443.0","27,482.0","29,170.0","26,542.0","11.84K","3.50%"
"03/19/2023","27,482.0","26,913.0","28,813.0","26,620.0","19.55K","2.11%"
"03/12/2023","26,913.0","20,538.0","27,605.0","20,363.0","47.13K","31.04%"
"03/05/2023","20,538.0","22,346.0","22,650.0","19,592.0","18.40K","-8.09%"
"02/26/2023","22,346.0","23,177.0","23,979.0","22,003.0","10.90K","-3.59%"
"02/19/2023","23,177.0","24,633.0","25,200.0","22,810.0","20.38K","-5.91%"
"02/12/2023","24,633.0","21,866.0","25,232.0","21,404.0","21.04K","12.65%"
"02/05/2023","21,866.0","23,315.0","23,430.0","21,500.0","11.32K","-6.21%"
"01/29/2023","23,315.0","23,029.0","24,239.0","22,516.0","17.83K","1.24%"
"01/22/2023","23,029.0","22,766.0","23,812.0","22,321.0","14.64K","1.16%"
"01/15/2023","22,766.0","20,963.0","23,312.0","20,435.0","16.94K","8.60%"
"01/08/2023","20,963.0","16,958.0","21,300.0","16,930.0","18.81K","23.62%"
"01/01/2023","16,958.0","16,564.0","17,045.0","16,517.0","7.77K","2.38%"
"12/25/2022","16,564.0","16,864.0","16,987.0","16,380.0","6.24K","-1.78%"
"12/18/2022","16,864.0","16,793.0","17,057.0","16,320.0","6.71K","0.42%"
"12/11/2022","16,793.0","17,132.0","18,373.0","16,554.0","21.56K","-1.98%"
"12/04/2022","17,132.0","16,890.0","17,420.0","16,720.0","9.29K","1.43%"
"11/27/2022","16,890.0","16,459.0","17,270.0","16,014.0","11.32K","2.62%"
"11/20/2022","16,459.0","16,695.0","16,792.0","15,501.0","15.18K","-1.41%"
"11/13/2022","16,695.0","16,812.0","17,188.0","15,829.0","24.48K","-0.70%"
"11/06/2022","16,812.0","21,313.0","21,378.0","15,603.0","78.08K","-21.12%"
"10/30/2022","21,313.0","20,833.0","21,470.0","20,073.0","16.44K","2.30%"
"10/23/2022","20,833.0","19,219.0","21,074.0","19,105.0","16.67K","8.40%"
"10/16/2022","19,219.0","19,072.0","19,705.0","18,680.0","8.85K","0.77%"
"10/09/2022","19,072.0","19,418.0","19,946.0","18,200.0","28.87K","-1.78%"
"10/02/2022","19,418.0","19,317.0","20,470.0","18,945.0","51.09K","0.52%"
"09/25/2022","19,317.0","18,935.0","20,373.0","18,495.0","110.46K","2.02%"
"09/18/2022","18,935.0","20,127.0","20,127.0","18,214.0","98.85K","-5.92%"
"09/11/2022","20,127.0","21,657.0","22,746.0","19,350.0","52.50K","-7.03%"
"09/04/2022","21,648.0","19,835.0","21,802.0","18,561.0","54.80K","9.14%"
"08/28/2022","19,835.0","20,044.0","20,574.0","19,540.0","35.85K","-1.00%"
"08/21/2022","20,036.0","21,141.0","21,866.0","19,852.0","41.95K","-5.23%"
"08/14/2022","21,141.0","24,425.0","25,203.0","20,769.0","42.06K","-13.45%"
"08/07/2022","24,425.0","22,924.0","24,880.0","22,665.0","31.13K","6.55%"
"07/31/2022","22,924.0","23,639.0","24,211.0","22,390.0","36.40K","-3.02%"
"07/24/2022","23,639.0","22,446.0","24,641.0","20,738.0","35.29K","5.31%"
"07/17/2022","22,446.0","21,224.0","24,276.0","20,751.0","48.46K","5.76%"
"07/10/2022","21,224.0","21,575.8","21,590.1","18,926.8","41.41K","-1.63%"
"07/03/2022","21,575.8","19,230.0","22,405.0","18,774.0","40.99K","12.20%"
"06/26/2022","19,230.0","21,485.0","21,871.3","18,643.0","26.62K","-10.50%"
"06/19/2022","21,485.0","18,978.0","21,670.0","17,950.0","51.39K","13.21%"
"06/12/2022","18,978.0","28,425.0","28,558.3","17,611.0","141.81K","-33.23%"
"06/05/2022","28,425.0","29,877.0","31,764.0","28,138.0","26.98K","-4.86%"
"05/29/2022","29,877.0","29,037.0","32,390.8","28,851.0","30.29K","2.89%"
"05/22/2022","29,037.0","29,439.0","30,666.0","28,005.0","24.68K","-1.37%"
"05/15/2022","29,439.0","30,104.0","31,416.0","28,634.0","26.48K","-2.21%"
"05/08/2022","30,104.0","35,506.0","35,540.0","26,600.0","121.71K","-15.22%"
"05/01/2022","35,508.0","37,662.0","39,996.0","34,879.0","40.12K","-5.72%"
"04/24/2022","37,662.0","39,444.0","40,800.3","37,633.0","28.15K","-4.52%"
"04/17/2022","39,446.7","40,408.7","42,977.0","38,557.0","25.52K","-2.38%"
"04/10/2022","40,408.7","42,780.0","43,460.0","39,274.0","25.90K","-5.54%"
"04/03/2022","42,780.0","45,825.0","47,414.0","42,137.0","26.00K","-6.64%"
"03/27/2022","45,825.0","44,536.4","48,159.0","44,245.9","32.16K","2.89%"
"03/20/2022","44,536.4","42,213.0","45,082.0","40,544.0","24.44K","5.50%"
"03/13/2022","42,214.0","38,816.3","42,373.0","37,570.0","34.86K","8.75%"
"03/06/2022","38,816.3","39,408.0","42,593.0","37,198.0","46.61K","-1.50%"
"02/27/2022","39,408.0","39,137.1","45,326.0","37,067.1","42.08K","0.72%"
"02/20/2022","39,125.0","40,128.0","40,274.0","34,435.0","54.80K","-2.53%"
"02/13/2022","40,141.0","42,239.1","44,762.0","39,571.0","30.00K","-4.97%"
"02/06/2022","42,239.1","41,454.0","45,851.0","41,171.0","37.26K","1.89%"
"01/30/2022","41,454.0","38,179.9","41,928.0","36,282.0","37.27K","8.53%"
"01/23/2022","38,197.0","35,103.0","38,901.0","32,981.0","67.33K","8.81%"
"01/16/2022","35,103.0","43,069.0","43,540.6","34,079.0","52.38K","-18.50%"
"01/09/2022","43,069.0","41,679.0","44,426.7","39,677.0","34.03K","3.34%"
"01/02/2022","41,679.0","47,755.0","47,980.0","40,570.0","33.42K","-12.72%"
"12/26/2021","47,755.0","50,435.2","52,027.0","45,697.0","27.50K","-5.32%"
"12/19/2021","50,437.0","46,879.0","51,834.0","45,606.0","28.07K","7.59%"
"12/12/2021","46,879.0","49,363.1","50,800.0","45,539.0","40.26K","-5.03%"
"12/05/2021","49,363.1","49,272.0","51,969.0","46,897.0","42.70K","0.18%"
"11/28/2021","49,272.0","54,836.0","59,174.0","42,101.0","47.88K","-10.15%"
"11/21/2021","54,836.0","59,739.0","60,047.0","53,565.0","53.23K","-8.21%"
"11/14/2021","59,739.0","64,406.0","66,320.0","55,670.0","48.89K","-7.25%"
"11/07/2021","64,406.0","61,495.0","68,925.0","61,400.0","43.75K","4.73%"
"10/31/2021","61,496.0","61,838.8","64,263.4","59,595.6","24.52K","-0.55%"
"10/24/2021","61,838.8","61,302.0","63,666.0","57,612.0","33.87K","0.88%"
"10/17/2021","61,302.0","60,867.5","66,927.0","59,073.0","58.16K","0.71%"
"10/10/2021","60,867.5","54,978.0","62,897.0","54,000.0","50.84K","10.71%"
"10/03/2021","54,978.0","47,675.0","56,000.0","46,951.0","42.95K","15.32%"
"09/26/2021","47,675.0","42,711.0","48,454.0","40,811.0","42.00K","11.62%"
"09/19/2021","42,711.0","48,309.0","48,370.0","39,678.0","67.08K","-11.59%"
"09/12/2021","48,309.0","45,169.0","48,794.0","43,514.0","28.21K","6.95%"
"09/05/2021","45,169.0","49,899.0","52,888.0","43,347.0","48.85K","-9.48%"
"08/29/2021","49,899.0","48,914.0","51,032.0","46,600.0","37.11K","2.01%"
"08/22/2021","48,914.0","48,868.0","50,506.3","46,364.9","34.61K","0.09%"
"08/15/2021","48,868.0","47,084.0","49,784.0","43,992.0","40.38K","3.79%"
"08/08/2021","47,084.0","44,589.0","48,120.0","42,792.0","48.90K","5.60%"
"08/01/2021","44,589.0","41,409.0","44,689.2","37,361.0","41.40K","7.68%"
"07/25/2021","41,409.0","34,620.0","42,317.0","33,906.0","53.00K","22.35%"
"07/18/2021","33,845.0","31,559.0","34,043.0","29,341.0","55.39K","7.24%"
"07/11/2021","31,559.0","33,506.0","34,624.0","31,055.0","38.85K","-5.81%"
"07/04/2021","33,506.0","35,494.0","35,782.0","32,063.0","51.75K","-3.60%"
"06/27/2021","34,758.0","32,359.0","36,411.0","32,359.0","59.77K","7.41%"
"06/20/2021","32,359.0","35,585.8","35,966.0","29,927.0","156.97K","-9.07%"
"06/13/2021","35,585.8","35,531.0","40,732.0","34,984.0","59.34K","0.15%"
"06/06/2021","35,531.0","35,543.0","37,933.0","31,547.6","78.47K","-0.03%"
"05/30/2021","35,543.0","34,570.0","39,094.0","33,680.0","38.20K","2.81%"
"05/23/2021","34,570.0","37,585.0","40,497.8","32,623.0","83.42K","-8.02%"
"05/16/2021","37,585.0","46,784.9","49,460.0","35,188.0","207.04K","-19.66%"
"05/09/2021","46,784.9","58,894.0","59,454.3","46,784.9","77.94K","-20.56%"
"05/02/2021","58,894.0","57,774.0","59,327.0","53,852.0","53.48K","1.94%"
"04/25/2021","57,774.0","50,167.0","58,265.0","48,409.8","56.88K","15.16%"
"04/18/2021","50,167.0","59,970.0","60,223.0","48,719.6","95.86K","-16.35%"
"04/11/2021","59,970.0","59,823.8","64,374.0","59,411.0","61.86K","0.24%"
"04/04/2021","59,823.8","57,023.0","60,984.0","55,976.0","36.76K","4.91%"
"03/28/2021","57,023.0","55,886.0","59,834.0","54,984.0","46.86K","2.03%"
"03/21/2021","55,886.0","58,087.0","58,499.5","50,874.0","65.09K","-3.79%"
"03/14/2021","58,087.0","61,207.0","61,468.0","54,049.0","62.69K","-5.10%"
"03/07/2021","61,207.0","48,895.0","61,207.0","48,895.0","57.87K","25.18%"
"02/28/2021","48,895.0","46,217.0","52,018.0","43,380.0","66.35K","5.79%"
"02/21/2021","46,217.0","55,838.0","58,238.0","45,320.0","130.47K","-17.23%"
"02/14/2021","55,838.0","47,177.0","57,352.0","46,563.0","69.08K","18.36%"
"02/07/2021","47,177.0","39,257.0","48,540.0","38,061.0","89.16K","20.17%"
"01/31/2021","39,257.0","34,334.0","40,780.0","32,270.0","43.45K","14.34%"
"01/24/2021","34,334.0","32,099.0","38,056.0","29,815.0","104.31K","6.96%"
"01/17/2021","32,099.0","36,061.0","37,673.0","28,991.0","92.10K","-10.97%"
"01/10/2021","36,055.0","40,171.0","41,209.3","31,842.0","148.28K","-10.25%"
"01/03/2021","40,171.0","32,183.0","41,616.0","29,178.0","141.29K","24.81%"
"12/27/2020","32,185.0","26,410.0","33,168.0","25,923.0","73.02K","21.86%"
"12/20/2020","26,412.0","23,804.0","26,577.0","22,483.0","76.55K","10.96%"
"12/13/2020","23,804.0","18,818.0","24,058.0","18,747.0","72.01K","26.55%"
"12/06/2020","18,810.6","19,157.0","19,377.0","17,764.0","42.35K","-1.81%"
"11/29/2020","19,157.0","17,746.0","19,733.0","17,579.2","72.09K","7.95%"
"11/22/2020","17,746.0","18,660.0","19,349.0","16,592.0","102.55K","-4.90%"
"11/15/2020","18,660.0","16,057.0","18,944.5","15,871.0","60.78K","16.20%"
"11/08/2020","16,058.3","14,844.1","16,405.0","14,844.1","51.81K","8.18%"
"11/01/2020","14,844.1","13,788.0","15,876.0","13,401.0","63.64K","7.66%"
"10/25/2020","13,788.0","13,127.0","13,958.0","12,863.0","36.27K","5.00%"
"10/18/2020","13,132.0","11,375.0","13,166.0","11,366.0","37.60K","15.45%"
"10/11/2020","11,375.0","11,308.0","11,698.9","11,268.2","25.62K","0.59%"
"10/04/2020","11,308.0","10,558.6","11,450.0","10,557.6","17.05K","7.10%"
"09/27/2020","10,558.6","10,750.0","10,941.0","10,476.0","21.91K","-1.78%"
"09/20/2020","10,750.0","11,099.0","11,099.0","10,255.0","21.22K","-3.14%"
"09/13/2020","11,099.0","10,458.0","11,127.0","10,244.0","24.51K","6.13%"
"09/06/2020","10,458.0","10,196.9","10,463.5","9,964.1","26.77K","2.56%"
"08/30/2020","10,197.0","11,492.0","12,037.0","10,011.0","57.29K","-11.27%"
"08/23/2020","11,492.0","11,685.0","11,817.9","11,200.0","21.36K","-1.65%"
"08/16/2020","11,685.0","11,873.4","12,415.0","11,449.0","41.94K","-1.59%"
"08/09/2020","11,873.4","11,764.0","12,024.0","11,257.0","36.61K","0.93%"
"08/02/2020","11,764.0","11,804.7","11,917.0","11,032.0","40.40K","-0.35%"
"07/26/2020","11,804.7","9,714.9","11,804.7","9,685.8","65.25K","21.51%"
"07/19/2020","9,714.9","9,189.1","9,730.5","9,130.5","21.54K","5.72%"
"07/12/2020","9,189.1","9,246.3","9,344.8","9,092.1","11.98K","-0.62%"
"07/05/2020","9,246.3","9,147.7","9,480.7","9,004.9","18.40K","1.08%"
"06/28/2020","9,147.7","9,015.3","9,298.0","8,949.4","15.71K","1.47%"
"06/21/2020","9,015.3","9,371.3","9,794.2","8,857.3","29.00K","-3.80%"
"06/14/2020","9,371.3","9,480.9","9,589.9","8,914.9","26.25K","-1.15%"
"06/07/2020","9,480.8","9,668.4","10,004.0","9,088.6","40.26K","-1.94%"
"05/31/2020","9,668.4","9,706.4","10,390.0","9,197.4","53.24K","-0.39%"
"05/24/2020","9,706.4","9,174.6","9,742.0","8,628.6","36.84K","5.80%"
"05/17/2020","9,174.6","9,388.0","9,941.1","8,821.4","52.99K","-2.27%"
"05/10/2020","9,388.0","9,537.7","9,937.8","8,107.4","98.21K","-1.57%"
"05/03/2020","9,537.9","8,982.3","10,045.0","8,535.0","78.91K","6.19%"
"04/26/2020","8,982.3","7,538.5","9,438.8","7,487.0","93.53K","19.15%"
"04/19/2020","7,538.5","7,268.8","7,744.9","6,767.1","60.13K","3.71%"
"04/12/2020","7,269.1","6,884.5","7,300.1","6,500.4","58.72K","5.59%"
"04/05/2020","6,884.5","6,880.6","7,452.0","6,693.4","79.89K","0.04%"
"03/29/2020","6,881.6","6,252.3","7,263.3","5,880.9","80.52K","10.12%"
"03/22/2020","6,249.3","6,202.7","6,968.0","5,682.7","95.87K","0.77%"
"03/15/2020","6,201.8","5,217.1","6,897.0","4,468.0","198.24K","18.85%"
"03/08/2020","5,218.2","8,917.2","8,917.2","4,001.0","370.73K","-41.49%"
"03/01/2020","8,919.0","8,561.5","9,231.1","8,460.0","31.93K","4.23%"
"02/23/2020","8,557.3","9,663.0","10,022.0","8,455.2","59.56K","-11.44%"
"02/16/2020","9,662.4","9,901.0","10,309.0","9,350.3","67.21K","-2.41%"
"02/09/2020","9,901.0","9,877.3","10,489.0","9,720.0","52.55K","0.24%"
"02/02/2020","9,877.2","9,408.0","9,920.7","9,112.5","43.64K","4.96%"
"01/26/2020","9,410.6","8,351.1","9,550.0","8,303.6","42.11K","12.65%"
"01/19/2020","8,353.7","8,891.6","9,169.5","8,247.7","35.28K","-6.05%"
"01/12/2020","8,891.5","8,013.6","8,994.9","7,951.7","55.74K","10.95%"
"01/05/2020","8,013.8","7,370.3","8,442.0","7,315.8","57.93K","8.74%"
"12/29/2019","7,369.8","7,333.2","7,551.6","6,909.3","29.28K","0.48%"
"12/22/2019","7,334.4","7,166.3","7,715.0","7,114.1","31.31K","2.34%"
"12/15/2019","7,166.4","7,100.8","7,480.2","6,479.4","59.85K","0.92%"
"12/08/2019","7,100.8","7,543.2","7,701.1","7,038.5","28.72K","-5.86%"
"12/01/2019","7,543.2","7,599.9","7,887.7","7,134.1","41.19K","-0.75%"
"11/24/2019","7,599.9","7,352.7","7,916.3","6,619.4","64.94K","3.36%"
"11/17/2019","7,352.6","8,523.4","8,662.9","6,820.1","63.89K","-13.74%"
"11/10/2019","8,523.5","8,827.1","9,156.9","8,420.2","26.69K","-3.45%"
"11/03/2019","8,828.0","9,332.2","9,621.8","8,688.1","37.66K","-5.40%"
"10/27/2019","9,332.1","9,270.9","9,948.0","8,984.8","45.88K","0.66%"
"10/20/2019","9,270.9","7,993.0","10,464.1","7,341.5","77.95K","15.99%"
"10/13/2019","7,992.9","8,319.6","8,477.4","7,860.0","30.36K","-3.91%"
"10/06/2019","8,318.3","8,162.5","8,815.2","7,794.9","42.38K","1.91%"
"09/29/2019","8,162.5","8,238.2","8,539.0","7,753.0","35.96K","-0.92%"
"09/22/2019","8,238.6","10,012.0","10,105.0","7,800.1","85.94K","-17.72%"
"09/15/2019","10,013.0","10,381.0","10,417.0","9,655.0","28.32K","-3.53%"
"09/08/2019","10,379.0","10,489.0","10,599.0","9,866.5","30.68K","-1.04%"
"09/01/2019","10,488.0","9,623.9","10,933.0","9,560.1","56.65K","8.98%"
"08/25/2019","9,623.9","10,162.0","10,654.0","9,360.4","43.28K","-5.20%"
"08/18/2019","10,152.0","10,230.0","10,986.0","9,790.0","48.04K","-0.74%"
"08/11/2019","10,228.0","11,308.0","11,579.0","9,522.5","74.58K","-9.60%"
"08/04/2019","11,314.0","10,822.0","12,307.0","10,595.0","84.56K","4.55%"
"07/28/2019","10,822.0","9,463.1","10,910.0","9,112.3","51.75K","14.33%"
"07/21/2019","9,465.7","10,741.0","10,811.0","9,300.3","60.17K","-11.86%"
"07/14/2019","10,740.0","11,324.0","11,390.0","9,111.0","148.04K","-5.06%"
"07/07/2019","11,312.0","11,276.0","13,173.0","10,806.0","126.70K","0.26%"
"06/30/2019","11,283.0","11,973.0","12,229.0","9,745.1","153.59K","-5.35%"
"06/23/2019","11,921.0","10,745.0","13,764.0","10,397.0","220.96K","10.91%"
"06/16/2019","10,747.9","8,852.8","11,210.0","8,803.0","107.90K","21.36%"
"06/09/2019","8,856.0","7,924.0","8,904.1","7,502.5","64.50K","11.75%"
"06/02/2019","7,924.6","8,546.9","8,813.0","7,461.0","97.98K","-7.28%"
"05/26/2019","8,547.0","8,054.9","9,100.0","7,897.1","100.95K","6.11%"
"05/19/2019","8,054.9","7,260.1","8,263.2","7,252.0","90.82K","10.95%"
"05/12/2019","7,260.0","7,125.1","8,307.7","6,860.0","197.17K","1.73%"
"05/05/2019","7,136.4","6,098.2","7,278.3","5,926.6","70.78K","17.02%"
"04/28/2019","6,098.3","5,400.6","6,149.1","5,370.3","77.19K","12.89%"
"04/21/2019","5,401.8","5,340.1","5,647.4","5,142.7","114.48K","1.16%"
"04/14/2019","5,340.0","5,103.7","5,375.6","5,000.7","53.17K","4.67%"
"04/07/2019","5,101.8","5,091.1","5,487.4","4,935.2","91.56K","0.22%"
"03/31/2019","5,090.5","4,165.1","5,330.1","4,127.2","145.80K","22.22%"
"03/24/2019","4,165.1","4,063.0","4,210.0","3,939.1","47.36K","2.51%"
"03/17/2019","4,063.2","4,088.0","4,138.7","4,005.2","41.78K","-0.61%"
"03/10/2019","4,088.0","4,017.3","4,152.7","3,882.8","46.50K","1.76%"
"03/03/2019","4,017.3","3,913.0","4,046.2","3,767.4","57.07K","2.67%"
"02/24/2019","3,913.0","4,212.2","4,282.4","3,767.0","85.25K","-7.09%"
"02/17/2019","4,211.7","3,676.5","4,255.0","3,669.9","134.65K","14.56%"
"02/10/2019","3,676.4","3,718.3","3,753.5","3,642.8","66.07K","-1.13%"
"02/03/2019","3,718.4","3,564.5","3,799.6","3,426.9","97.97K","4.32%"
"01/27/2019","3,564.3","3,630.7","3,642.5","3,427.2","78.34K","-1.83%"
"01/20/2019","3,630.7","3,762.3","3,796.0","3,501.0","80.07K","-3.44%"
"01/13/2019","3,760.0","3,702.0","3,858.5","3,574.1","75.76K","1.57%"
"01/06/2019","3,702.0","3,911.0","4,214.5","3,674.4","136.71K","-5.34%"
"12/30/2018","3,911.0","3,893.8","4,076.0","3,779.5","105.09K","0.62%"
"12/23/2018","3,887.0","4,135.0","4,384.0","3,691.1","192.67K","-6.00%"
"12/16/2018","4,135.0","3,282.2","4,283.0","3,278.0","289.66K","25.87%"
"12/09/2018","3,285.1","3,506.0","3,766.6","3,216.1","169.13K","-6.30%"
"12/02/2018","3,506.0","4,241.4","4,353.2","3,278.4","316.32K","-17.37%"
"11/25/2018","4,243.0","3,934.9","4,472.0","3,663.0","382.98K","7.97%"
"11/18/2018","3,929.8","5,637.2","5,716.0","3,834.7","340.85K","-30.16%"
"11/11/2018","5,626.7","6,431.0","6,497.5","5,441.5","180.29K","-12.51%"
"11/04/2018","6,431.1","6,389.2","6,607.1","6,360.1","63.72K","0.68%"
"10/28/2018","6,387.9","6,498.4","6,510.1","6,248.2","70.51K","-1.73%"
"10/21/2018","6,500.2","6,582.9","6,655.0","6,480.1","51.02K","-1.31%"
"10/14/2018","6,586.7","6,326.0","7,704.2","6,300.0","155.82K","4.11%"
"10/07/2018","6,326.5","6,595.2","6,718.4","6,223.0","101.16K","-4.03%"
"09/30/2018","6,592.0","6,590.0","6,666.9","6,428.1","81.90K","-0.19%"
"09/23/2018","6,604.6","6,723.1","6,825.0","6,350.2","136.61K","-1.76%"
"09/16/2018","6,723.0","6,512.8","6,840.0","6,112.7","170.75K","3.21%"
"09/09/2018","6,513.6","6,184.9","6,593.0","6,142.2","115.74K","5.31%"
"09/02/2018","6,185.0","7,197.5","7,410.3","6,130.3","237.10K","-14.07%"
"08/26/2018","7,197.5","6,732.8","7,260.4","6,574.5","153.64K","6.90%"
"08/19/2018","6,732.9","6,395.0","6,885.0","6,230.2","197.42K","5.35%"
"08/12/2018","6,391.2","6,234.7","6,623.8","5,879.3","254.04K","2.54%"
"08/05/2018","6,232.7","7,013.2","7,149.9","6,008.2","243.16K","-11.13%"
"07/29/2018","7,013.2","8,235.7","8,293.9","6,930.0","196.03K","-14.95%"
"07/22/2018","8,246.4","7,403.4","8,500.2","7,338.9","265.31K","11.39%"
"07/15/2018","7,403.3","6,250.0","7,681.0","6,232.3","217.18K","18.45%"
"07/08/2018","6,250.1","6,761.8","6,820.0","6,080.8","139.14K","-7.57%"
"07/01/2018","6,761.7","6,617.6","6,826.1","6,418.7","130.70K","5.79%"
"06/24/2018","6,391.5","6,151.9","6,518.1","5,762.9","203.40K","3.89%"
"06/17/2018","6,152.0","6,491.0","6,832.9","5,929.1","158.49K","-5.15%"
"06/10/2018","6,485.9","7,498.1","7,498.1","6,125.7","225.83K","-13.51%"
"06/03/2018","7,498.6","7,639.0","7,777.4","7,372.9","97.49K","-1.83%"
"05/27/2018","7,638.1","7,330.8","7,691.2","7,048.6","148.70K","4.20%"
"05/20/2018","7,330.3","8,230.9","8,586.9","7,260.9","173.48K","-10.96%"
"05/13/2018","8,232.3","8,467.0","8,882.4","7,927.8","181.80K","-2.72%"
"05/06/2018","8,462.7","9,859.6","9,963.9","8,204.5","216.13K","-14.17%"
"04/29/2018","9,859.6","9,340.3","9,990.0","8,829.1","186.86K","5.50%"
"04/22/2018","9,345.3","8,917.6","9,761.5","8,656.0","307.97K","4.78%"
"04/15/2018","8,919.1","8,003.0","9,029.0","7,823.3","246.91K","11.45%"
"04/08/2018","8,002.9","6,892.6","8,230.0","6,611.0","341.99K","16.11%"
"04/01/2018","6,892.6","6,925.4","7,509.6","6,432.4","331.08K","-0.47%"
"03/25/2018","6,925.3","8,525.0","8,673.9","6,533.0","426.25K","-18.86%"
"03/18/2018","8,535.0","7,832.0","9,175.2","7,240.0","402.89K","8.71%"
"03/11/2018","7,851.0","8,764.4","9,894.7","7,666.3","466.31K","-10.40%"
"03/04/2018","8,762.0","11,454.0","11,696.0","8,351.0","393.58K","-23.41%"
"02/25/2018","11,440.0","9,666.3","11,526.0","9,284.3","253.45K","18.35%"
"02/18/2018","9,666.3","11,062.0","11,776.0","9,350.3","444.45K","-12.55%"
"02/11/2018","11,053.5","8,563.0","11,083.0","7,851.0","357.71K","29.08%"
"02/04/2018","8,563.1","9,225.1","9,403.3","6,000.0","713.97K","-7.12%"
"01/28/2018","9,219.4","11,455.1","12,181.0","7,972.2","413.82K","-19.56%"
"01/21/2018","11,461.0","12,732.0","12,732.0","9,901.1","353.23K","-9.95%"
"01/14/2018","12,728.0","14,190.0","14,391.0","9,231.1","513.24K","-10.31%"
"01/07/2018","14,191.0","17,163.0","17,176.0","12,639.0","334.69K","-17.31%"
"12/31/2017","17,161.0","12,385.0","17,252.0","12,183.9","","38.65%"
"12/24/2017","12,377.0","14,036.0","16,494.0","11,601.2","432.74K","-11.81%"
"12/17/2017","14,035.0","19,210.0","19,891.0","10,718.0","558.69K","-26.85%"
"12/10/2017","19,187.0","14,660.0","19,548.0","12,748.0","457.22K","30.88%"
"12/03/2017","14,660.0","10,880.0","17,160.0","10,299.0","632.52K","34.73%"
"11/26/2017","10,881.0","8,791.0","11,427.2","8,769.2","626.99K","24.12%"
"11/19/2017","8,766.2","7,770.6","8,770.0","7,652.0","297.33K","12.77%"
"11/12/2017","7,773.3","6,282.4","8,029.8","5,426.0","606.78K","23.37%"
"11/05/2017","6,300.7","7,370.9","7,895.0","6,166.0","455.80K","-14.50%"
"10/29/2017","7,369.0","5,718.1","7,521.1","5,662.9","401.30K","28.82%"
"10/22/2017","5,720.6","6,005.1","6,069.6","5,367.9","335.56K","-4.74%"
"10/15/2017","6,005.1","5,838.7","6,190.0","5,114.3","343.03K","2.92%"
"10/08/2017","5,835.0","4,435.9","5,874.3","4,417.6","365.62K","31.54%"
"10/01/2017","4,436.0","4,366.6","4,482.0","4,134.9","181.92K","1.58%"
"09/24/2017","4,367.0","3,779.6","4,393.4","3,620.0","238.08K","15.54%"
"09/17/2017","3,779.6","3,680.1","4,113.9","3,476.3","308.86K","2.56%"
"09/10/2017","3,685.4","4,315.4","4,378.4","2,981.0","569.67K","-14.65%"
"09/03/2017","4,317.9","4,534.2","4,699.8","3,900.1","304.54K","-4.77%"
"08/27/2017","4,534.4","4,340.2","4,969.0","4,175.7","184.35K","4.44%"
"08/20/2017","4,341.7","4,145.0","4,461.2","3,600.0","205.52K","4.74%"
"08/13/2017","4,145.1","3,866.2","4,489.1","3,836.1","310.66K","7.23%"
"08/06/2017","3,865.5","3,255.0","3,965.4","3,156.0","182.68K","18.70%"
"07/30/2017","3,256.4","2,713.7","3,331.9","2,595.0","215.02K","19.98%"
"07/23/2017","2,714.1","2,845.7","2,875.7","2,404.6","242.31K","-4.62%"
"07/16/2017","2,845.7","1,979.7","2,919.9","1,835.8","349.52K","43.82%"
"07/09/2017","1,978.6","2,542.0","2,555.6","1,975.7","178.51K","-22.16%"
"07/02/2017","2,542.0","2,346.2","2,628.0","2,302.0","94.67K","8.19%"
"06/25/2017","2,349.5","2,502.6","2,595.0","2,208.1","148.25K","-6.12%"
"06/18/2017","2,502.6","2,610.1","2,779.6","2,421.0","118.88K","-4.11%"
"06/11/2017","2,610.0","2,806.0","3,000.0","2,050.0","220.14K","-6.99%"
"06/04/2017","2,806.0","2,461.6","2,896.5","2,376.4","134.71K","14.02%"
"05/28/2017","2,461.0","1,980.0","2,481.0","1,955.5","127.20K","24.78%"
"05/21/2017","1,972.3","2,059.3","2,689.0","1,810.0","268.56K","-4.24%"
"05/14/2017","2,059.7","1,820.6","2,072.2","1,720.0","110.43K","13.15%"
"05/07/2017","1,820.4","1,597.0","1,908.0","1,575.1","146.03K","13.98%"
"04/30/2017","1,597.1","1,425.4","1,701.9","1,403.3","142.76K","12.19%"
"04/23/2017","1,423.6","1,346.4","1,449.7","1,326.9","68.92K","5.65%"
"04/16/2017","1,347.5","1,193.3","1,353.1","1,190.4","79.36K","12.92%"
"04/09/2017","1,193.3","1,188.1","1,243.4","1,163.5","90.03K","0.44%"
"04/02/2017","1,188.1","1,093.5","1,208.9","1,081.0","158.18K","8.68%"
"03/26/2017","1,093.2","971.3","1,106.9","950.1","182.05K","12.45%"
"03/19/2017","972.2","971.9","1,120.9","891.0","244.68K","0.12%"
"03/12/2017","971.0","1,172.4","1,262.0","935.1","274.43K","-17.21%"
"03/05/2017","1,172.8","1,267.8","1,328.8","971.0","268.05K","-7.49%"
"02/26/2017","1,267.8","1,153.0","1,294.7","1,130.9","131.19K","9.96%"
"02/19/2017","1,153.0","1,059.8","1,222.2","1,044.1","149.17K","8.79%"
"02/12/2017","1,059.8","1,000.1","1,071.1","975.9","65.77K","5.95%"
"02/05/2017","1,000.3","1,031.1","1,078.0","936.4","157.12K","-2.99%"
"01/29/2017","1,031.1","919.4","1,040.0","910.0","91.10K","12.15%"
"01/22/2017","919.4","924.0","939.7","884.2","86.24K","-0.50%"
"01/15/2017","924.0","815.3","931.0","805.1","98.44K","13.33%"
"01/08/2017","815.3","908.8","942.5","738.7","196.66K","-10.29%"
"01/01/2017","908.8","966.6","1,166.0","816.1","590.38K","-5.97%"
"12/25/2016","966.6","895.2","983.0","858.6","102.94K","7.97%"
"12/18/2016","895.2","791.0","920.0","784.4","76.46K","13.18%"
"12/11/2016","791.0","772.9","793.0","761.8","34.32K","2.34%"
"12/04/2016","772.9","765.5","777.8","744.6","42.01K","1.00%"
"11/27/2016","765.3","731.2","779.2","722.5","51.36K","4.66%"
"11/20/2016","731.2","752.9","757.0","712.0","50.80K","3.26%"
"11/13/2016","708.1","703.4","708.1","687.6","8.61K","0.61%"
"11/06/2016","703.8","709.2","743.1","700.0","50.51K","-0.65%"
"10/30/2016","708.4","704.1","753.7","676.0","77.51K","-0.86%"
"10/23/2016","714.5","665.0","724.0","652.7","66.96K","7.45%"
"10/16/2016","665.0","640.2","671.0","627.8","43.13K","3.87%"
"10/09/2016","640.2","620.5","646.0","614.4","36.25K","3.17%"
"10/02/2016","620.5","614.1","622.9","607.0","26.71K","1.04%"
"09/25/2016","614.1","602.5","616.9","597.6","17.15K","1.92%"
"09/18/2016","602.5","607.7","615.9","592.7","22.15K","-0.85%"
"09/11/2016","607.7","628.0","635.0","598.0","39.46K","-3.23%"
"09/04/2016","628.0","609.9","636.2","604.6","35.34K","2.97%"
"08/28/2016","609.9","568.5","612.4","568.3","28.52K","7.27%"
"08/21/2016","568.5","582.1","590.7","567.2","24.50K","-2.31%"
"08/14/2016","582.0","583.7","583.7","563.0","38.68K","-3.66%"
"08/07/2016","604.1","604.1","604.1","604.1","","0.00%"
"07/31/2016","604.1","604.1","604.1","604.1","","-7.77%"
"07/24/2016","655.0","654.0","664.4","640.6","78.32K","0.15%"
"07/17/2016","654.0","665.3","689.7","640.0","110.84K","-1.70%"
"07/10/2016","665.3","648.1","678.0","636.9","107.54K","2.66%"
"07/03/2016","648.1","706.0","707.0","610.1","257.01K","-8.07%"
"06/26/2016","705.0","664.9","705.3","614.3","271.15K","6.04%"
"06/19/2016","664.9","757.6","771.9","664.9","549.38K","-12.24%"
"06/12/2016","757.6","614.6","789.7","607.0","622.05K","23.28%"
"06/05/2016","614.5","572.9","615.0","561.3","176.28K","7.31%"
"05/29/2016","572.7","527.0","593.7","512.5","298.46K","8.66%"
"05/22/2016","527.0","440.8","541.0","435.1","178.79K","19.55%"
"05/15/2016","440.8","455.8","460.7","433.0","80.06K","-3.29%"
"05/08/2016","455.8","460.2","465.4","445.9","81.00K","-0.96%"
"05/01/2016","460.2","446.6","465.0","436.0","97.98K","3.05%"
"04/24/2016","446.6","453.7","472.0","435.0","158.36K","-1.56%"
"04/17/2016","453.7","432.5","454.6","426.4","89.56K","5.01%"
"04/10/2016","432.0","418.5","435.7","417.5","59.76K","3.24%"
"04/03/2016","418.5","420.3","424.6","412.0","46.85K","-0.44%"
"03/27/2016","420.3","416.7","431.0","407.5","82.72K","0.86%"
"03/20/2016","416.7","408.4","419.7","406.0","47.15K","2.03%"
"03/13/2016","408.4","410.0","420.6","403.0","71.89K","-0.39%"
"03/06/2016","410.0","397.4","423.6","392.0","100.46K","3.18%"
"02/28/2016","397.4","434.2","444.8","389.7","165.92K","-8.49%"
"02/21/2016","434.2","438.7","451.2","410.7","158.24K","-1.02%"
"02/14/2016","438.7","393.0","445.0","393.0","189.96K","11.63%"
"02/07/2016","393.0","373.7","393.0","369.1","112.08K","5.15%"
"01/31/2016","373.8","377.0","393.9","362.6","157.76K","-0.85%"
"01/24/2016","377.0","385.6","407.0","360.2","165.47K","-2.23%"
"01/17/2016","385.6","388.4","428.0","371.3","252.88K","-0.73%"
"01/10/2016","388.4","449.2","452.5","353.2","293.72K","-13.54%"
"01/03/2016","449.2","432.7","465.0","422.0","147.03K","3.82%"
"12/27/2015","432.7","416.5","436.5","407.0","137.03K","3.89%"
"12/20/2015","416.5","462.4","462.7","405.5","256.08K","-9.94%"
"12/13/2015","462.5","435.6","467.0","418.3","235.38K","6.15%"
"12/06/2015","435.7","390.0","475.0","384.9","377.63K","11.71%"
"11/29/2015","390.0","358.6","394.0","346.2","236.67K","8.72%"
"11/22/2015","358.7","327.8","369.1","315.8","181.11K","9.51%"
"11/15/2015","327.5","333.4","342.5","309.5","159.71K","-1.75%"
"11/08/2015","333.4","384.9","390.3","300.8","382.74K","-13.31%"
"11/01/2015","384.6","316.0","503.4","313.6","841.73K","21.71%"
"10/25/2015","316.0","284.2","336.0","281.2","280.09K","11.19%"
"10/18/2015","284.2","272.9","284.5","262.4","108.06K","4.12%"
"10/11/2015","272.9","246.0","275.1","244.1","112.14K","10.95%"
"10/04/2015","246.0","239.8","249.0","237.2","53.16K","2.59%"
"09/27/2015","239.8","234.6","241.5","233.1","47.64K","2.20%"
"09/20/2015","234.6","232.1","237.6","224.5","67.34K","1.09%"
"09/13/2015","232.1","235.8","236.9","227.4","62.71K","-1.56%"
"09/06/2015","235.8","235.8","247.7","235.3","85.96K","-0.03%"
"08/30/2015","235.8","230.8","239.7","225.3","68.47K","2.21%"
"08/23/2015","230.8","230.3","237.3","198.0","207.92K","0.21%"
"08/16/2015","230.3","262.2","262.9","171.0","263.58K","-12.16%"
"08/09/2015","262.1","261.3","273.8","260.7","97.68K","0.31%"
"08/02/2015","261.3","280.3","287.0","260.6","105.60K","-6.77%"
"07/26/2015","280.3","289.4","298.9","276.5","103.98K","-3.12%"
"07/19/2015","289.4","277.3","292.4","273.5","85.64K","4.37%"
"07/12/2015","277.3","300.6","316.0","272.1","274.64K","-3.30%"
"07/05/2015","286.7","260.6","292.7","258.0","241.12K","10.02%"
"06/28/2015","260.6","251.6","268.9","247.3","155.08K","3.57%"
"06/21/2015","251.6","245.4","251.8","239.5","91.05K","2.54%"
"06/14/2015","245.4","232.9","259.1","232.5","201.23K","5.37%"
"06/07/2015","232.9","225.7","233.5","222.3","103.75K","3.20%"
"05/31/2015","225.6","232.5","232.7","219.8","112.72K","-2.96%"
"05/24/2015","232.5","238.8","243.0","230.7","61.20K","-2.63%"
"05/17/2015","238.8","235.7","241.8","231.2","78.26K","1.32%"
"05/10/2015","235.7","242.5","245.9","232.1","104.25K","-2.82%"
"05/03/2015","242.5","234.8","249.1","227.3","195.31K","3.29%"
"04/26/2015","234.8","226.1","240.2","214.0","172.50K","3.85%"
"04/19/2015","226.1","223.1","239.0","221.5","136.16K","1.35%"
"04/12/2015","223.1","236.9","238.7","216.4","190.03K","-5.82%"
"04/05/2015","236.9","253.6","262.4","230.8","172.69K","-6.60%"
"03/29/2015","253.6","252.9","256.4","239.5","172.16K","0.26%"
"03/22/2015","252.9","260.5","255.4","245.3","232.69K","-2.89%"
"03/15/2015","260.5","282.6","295.1","248.1","257.80K","-7.83%"
"03/08/2015","282.6","277.0","298.8","281.4","267.51K","2.03%"
"03/01/2015","277.0","255.7","290.3","245.8","396.01K","8.32%"
"02/22/2015","255.7","245.5","262.6","232.4","193.41K","4.13%"
"02/15/2015","245.6","257.0","268.3","228.2","302.72K","-4.53%"
"02/08/2015","257.2","221.4","261.2","217.8","203.69K","12.31%"
"02/01/2015","229.0","218.7","243.9","210.0","49.35K","4.83%"
"01/25/2015","218.4","248.0","322.7","217.1","30.64K","4.10%"
"01/18/2015","209.9","267.2","281.0","164.9","3.16K","-21.17%"
"01/11/2015","266.2","261.0","303.8","260.5","34.66K","2.86%"
"01/04/2015","258.8","319.6","321.5","258.8","17.11K","-18.50%"
"12/28/2014","317.5","318.2","335.2","312.0","8.94K","0.10%"
"12/21/2014","317.2","354.1","354.1","303.6","11.79K","-10.05%"
"12/14/2014","352.7","375.2","375.6","343.5","12.72K","-5.81%"
"12/07/2014","374.4","376.7","383.1","364.8","10.04K","-0.61%"
"11/30/2014","376.7","365.3","390.0","327.8","9.00K","4.48%"
"11/23/2014","360.6","388.9","407.0","346.1","10.47K","-7.12%"
"11/16/2014","388.2","360.0","445.0","355.0","10.53K","7.84%"
"11/09/2014","360.0","324.3","360.0","321.0","10.97K","11.63%"
"11/02/2014","322.5","351.1","355.0","321.3","11.00K","-7.85%"
"10/26/2014","350.0","385.9","387.8","342.3","11.89K","-9.39%"
"10/19/2014","386.3","367.1","405.8","363.3","12.57K","3.82%"
"10/12/2014","372.0","320.2","375.7","303.1","21.17K","15.38%"
"10/05/2014","322.5","376.8","392.1","285.1","26.18K","-13.95%"
"09/28/2014","374.7","400.1","440.5","370.0","20.92K","-6.48%"
"09/21/2014","400.7","476.5","478.8","389.9","13.35K","-15.91%"
"09/14/2014","476.5","476.7","487.0","462.2","7.34K","-0.68%"
"09/07/2014","479.7","487.4","494.3","473.3","6.38K","-0.75%"
"08/31/2014","483.4","506.3","518.0","482.3","7.56K","-4.72%"
"08/24/2014","507.3","504.2","529.0","462.4","7.28K","1.19%"
"08/17/2014","501.3","582.7","583.2","489.5","9.26K","-13.57%"
"08/10/2014","580.0","583.1","587.8","574.2","8.71K","-0.35%"
"08/03/2014","582.1","585.0","606.1","400.0","6.19K","-2.16%"
"07/27/2014","594.9","578.0","606.1","578.0","2.06K","-3.88%"
"07/20/2014","618.9","621.7","631.7","614.0","10.36K","-0.82%"
"07/13/2014","624.0","630.5","635.0","608.5","9.11K","-1.46%"
"07/06/2014","633.3","605.5","662.0","605.5","5.81K","4.90%"
"06/29/2014","603.7","609.7","610.5","568.1","6.69K","-0.68%"
"06/22/2014","607.8","580.8","621.1","577.0","7.17K","6.44%"
"06/15/2014","571.0","663.9","663.9","545.3","7.57K","-13.79%"
"06/08/2014","662.3","647.1","693.9","623.9","8.48K","2.45%"
"06/01/2014","646.5","569.0","687.3","557.7","7.85K","14.19%"
"05/25/2014","566.2","434.8","572.0","423.8","6.61K","29.04%"
"05/18/2014","438.8","434.5","444.0","432.0","7.94K","1.56%"
"05/11/2014","432.0","436.4","452.3","419.8","5.29K","0.26%"
"05/04/2014","430.9","434.0","463.0","430.9","5.74K","-2.40%"
"04/27/2014","441.5","509.0","510.0","441.5","4.35K","-13.86%"
"04/20/2014","512.5","403.1","522.8","403.1","2.49K","26.78%"
"04/13/2014","404.2","460.2","463.6","325.0","3.16K","-10.90%"
"04/06/2014","453.7","478.6","490.5","422.0","3.78K","-2.24%"
"03/30/2014","464.1","560.4","595.0","440.4","3.15K","-18.03%"
"03/23/2014","566.2","635.0","639.2","550.0","1.68K","-10.84%"
"03/16/2014","635.0","621.0","650.0","612.8","2.42K","2.26%"
"03/09/2014","621.0","571.5","685.0","569.7","1.67K","10.77%"
"03/02/2014","560.6","597.3","597.3","425.0","3.42K","-9.43%"
"02/23/2014","619.0","626.0","663.8","548.5","3.07K","1.81%"
"02/16/2014","608.0","720.0","761.7","565.2","0.39K","-14.37%"
"02/09/2014","710.0","806.8","814.1","677.0","0.92K","-12.85%"
"02/02/2014","814.7","810.9","814.7","757.0","1.07K","0.62%"
"01/26/2014","809.7","831.0","831.0","731.0","2.08K","-2.45%"
"01/19/2014","830.0","846.6","857.3","789.0","1.50K","-6.54%"
"01/12/2014","888.1","910.0","950.0","771.0","0.67K","-1.76%"
"01/05/2014","904.0","735.0","904.0","715.7","0.66K","26.56%"
"12/29/2013","714.3","650.2","757.8","640.4","0.36K","14.82%"
"12/22/2013","622.1","896.8","896.8","408.7","0.83K","-28.07%"
"12/15/2013","864.9","871.4","1,030.4","849.4","2.89K","18.48%"
"12/08/2013","730.0","997.9","1,200.0","632.3","0.33K","-23.56%"
"12/01/2013","955.0","785.9","1,124.4","778.0","1.38K","17.36%"
"11/24/2013","813.7","461.0","842.2","418.4","1.31K","71.94%"